age,gender,bmi,children,smoker,region,expenses
22,female,33.8,0,no,northwest,5033.48
39,female,27.5,2,no,northeast,3399.08
30,female,33.1,0,no,northwest,2629.95
22,female,35.1,0,yes,southwest,15945.31
39,female,39.6,0,no,northwest,3110.69
48,female,26.5,0,no,northeast,3795.49
56,female,34.6,0,no,northwest,1960.48
55,female,32.4,3,no,southwest,10816.65
19,male,24.1,0,no,northwest,1204.93
58,female,23.4,3,no,northwest,11322.89
49,female,25.6,5,no,northwest,5777.11
64,female,26.8,1,no,northwest,12727.54
46,female,36.5,5,no,northeast,17952.91
22,female,38.0,1,no,northwest,20670.23
48,male,33.9,2,no,southeast,12527.2
42,female,23.3,3,yes,northeast,39479.11
59,female,26.1,0,no,northeast,24548.07
59,male,27.4,1,no,southeast,9544.96
30,female,31.0,1,no,southeast,10912.82
19,male,25.8,0,no,southwest,4997.72
41,male,24.6,2,no,northwest,4500.45
29,female,24.0,4,no,southeast,5085.85
37,female,37.6,2,no,southeast,20590.02
36,male,41.5,0,yes,southeast,46228.33
26,male,31.1,3,no,southeast,22312.79
45,female,24.5,1,no,northwest,9890.65
21,female,27.1,2,no,southwest,8445.11
42,male,18.9,0,no,southeast,8488.44
63,male,33.9,0,no,northwest,11268.3
33,male,34.8,2,no,southwest,3107.09
48,female,42.4,0,no,northeast,4336.11
44,female,25.1,0,no,southwest,3357.74
43,female,39.4,1,no,southeast,3236.19
38,male,19.1,0,no,southeast,1669.59
38,male,32.1,2,yes,northwest,21326.15
42,male,26.1,0,no,northeast,13132.06
34,female,27.1,1,no,northwest,2686.84
58,female,25.8,0,no,northwest,11015.07
41,female,33.4,5,no,northwest,4130.75
18,male,39.9,0,yes,southeast,33037.19
62,female,26.5,0,no,southeast,3179.35
54,male,37.9,1,no,southeast,5865.18
36,male,32.6,0,no,northwest,11963.02
59,female,30.9,3,no,northeast,18561.77
53,female,23.2,1,yes,northeast,25112.79
20,male,25.6,1,no,northwest,3159.56
46,female,37.4,0,no,northeast,9355.28
20,male,24.0,4,no,southwest,4967.63
49,female,39.9,2,yes,northeast,40052.42
46,female,25.8,0,no,northeast,13668.55
58,female,30.5,0,yes,northwest,18229.0
36,male,23.2,0,no,southeast,9673.72
61,female,27.0,2,yes,southwest,6587.79
59,male,37.7,2,yes,southwest,47385.82
50,male,27.6,1,no,southeast,4278.65
50,male,30.1,0,no,southwest,13099.09
30,male,37.4,3,no,southwest,6490.83
46,female,28.2,5,no,northeast,23255.13
55,female,37.7,0,no,southeast,13943.32
56,male,25.3,0,no,northwest,2624.2
35,male,29.7,0,no,northwest,1678.49
19,female,27.3,0,no,southeast,1741.95
24,female,23.2,4,no,northwest,4967.8
41,female,23.8,2,no,northeast,7087.56
25,female,32.3,0,no,northeast,10758.27
32,male,18.9,1,no,northeast,8385.24
51,female,25.7,0,yes,southwest,35521.81
42,female,47.5,2,no,southwest,6375.15
49,male,22.4,3,yes,northeast,40249.01
23,male,34.4,2,no,northwest,9543.93
29,male,28.8,2,yes,southeast,43928.92
31,male,33.0,1,no,northwest,5494.98
49,female,27.1,1,no,northeast,3118.32
43,female,24.6,3,no,southwest,3461.29
20,male,47.6,1,no,northwest,14289.88
54,male,26.7,2,no,southeast,11383.66
18,female,33.4,0,no,northeast,3538.9
61,female,38.8,1,no,southwest,7035.12
55,male,31.8,1,no,northeast,17186.87
62,male,20.3,3,no,northwest,15217.23
48,female,39.5,3,no,southeast,45015.02
21,male,40.4,0,no,southeast,14470.34
18,male,35.7,3,no,southeast,1645.18
60,female,34.9,1,no,southeast,8519.57
60,male,33.4,3,no,northeast,8410.14
58,female,38.0,0,no,northeast,3529.75
20,male,39.4,0,no,northwest,27846.97
38,female,33.1,1,no,southeast,19149.95
59,male,32.7,1,yes,northeast,21501.51
30,male,35.7,0,no,southwest,5279.26
26,female,29.0,0,no,southeast,12682.05
38,male,27.4,2,no,northeast,5350.69
32,female,31.4,1,no,northwest,5434.09
41,male,30.2,0,no,southeast,2790.87
48,male,29.2,3,no,southeast,5207.17
58,male,31.4,0,yes,northwest,35930.89
40,female,24.9,1,no,northwest,6392.2
57,female,28.1,0,no,southeast,2991.65
50,female,40.3,0,yes,southeast,34089.01
22,female,22.2,0,no,northeast,12262.41
32,female,35.2,1,no,southeast,5807.8
47,male,28.2,1,yes,southeast,22110.5
59,female,38.6,0,no,southwest,12255.41
29,female,38.2,0,no,southeast,3324.81
41,female,41.7,1,no,southwest,28700.29
42,male,34.2,0,no,northwest,9132.82
31,female,36.6,0,yes,northeast,31820.24
47,female,33.3,1,no,southeast,22191.35
37,female,37.1,2,no,northwest,9933.79
55,female,34.4,3,no,northwest,4831.47
57,male,20.0,3,no,southwest,5070.46
60,female,30.1,2,no,northeast,13163.98
64,male,33.8,1,yes,southeast,49404.56
26,female,25.5,2,no,southwest,6503.5
23,male,30.8,1,no,northwest,16765.75
31,male,22.4,0,no,northwest,5507.6
18,male,47.6,1,no,northwest,29037.67
19,female,31.6,0,no,southwest,2146.38
24,male,46.3,0,no,southeast,1424.56
56,female,30.8,3,no,northwest,12029.41
40,female,28.5,1,no,northeast,29326.79
38,male,22.6,0,no,northeast,4909.78
40,male,29.8,2,yes,northwest,40227.81
45,female,34.2,0,no,southwest,3954.79
18,male,21.8,1,no,southeast,8238.6
53,male,27.4,2,yes,southwest,19981.72
35,male,38.7,0,no,southeast,3399.97
39,female,18.9,2,no,northwest,11962.87
25,female,37.5,2,no,southwest,19933.61
47,male,35.7,0,no,southeast,1809.49
31,female,22.1,3,no,northwest,5372.3
26,female,37.6,1,no,northwest,10820.98
20,female,38.6,1,no,southwest,12104.25
64,female,32.8,2,yes,northeast,38648.52
19,male,35.7,0,no,southeast,2127.39
56,male,34.1,1,no,southeast,3977.96
20,female,31.1,0,no,southwest,4397.41
20,female,38.8,0,no,northeast,5273.65
30,male,31.1,2,no,northeast,6716.42
44,male,31.7,0,no,northeast,13751.06
50,female,28.4,2,no,northwest,11043.28
46,female,35.5,0,no,southwest,4334.79
37,female,33.2,1,no,southwest,3096.33
47,female,30.1,0,no,northwest,25553.08
48,male,35.4,1,no,northwest,5658.25
63,male,28.9,0,no,northwest,12735.76
52,female,31.5,0,no,northeast,1941.48
38,male,17.4,0,no,southeast,2277.98
54,male,31.0,2,no,southeast,6553.21
57,male,21.8,1,yes,southeast,19885.33
58,female,25.4,0,no,southwest,10853.4
47,female,30.8,3,no,northeast,9427.24
24,female,25.9,0,no,northwest,5399.34
29,female,34.3,0,yes,northwest,41369.29
22,female,34.7,0,no,southwest,10859.64
31,male,35.7,2,yes,southeast,44284.09
56,male,22.9,0,no,northeast,11112.18
47,female,17.6,0,yes,northwest,9374.41
44,male,31.8,1,no,northeast,5792.52
63,male,27.2,2,no,southwest,7104.6
52,male,33.5,3,yes,southeast,6428.99
48,male,31.1,3,yes,southeast,20899.83
19,female,17.4,0,no,northwest,16688.07
42,male,39.4,2,no,southwest,30563.41
44,male,33.9,2,yes,northeast,46685.68
26,male,40.7,3,no,northwest,8052.91
35,female,33.8,2,no,northeast,5576.47
35,female,27.6,2,no,southeast,8101.91
42,female,24.4,3,yes,northwest,18556.89
53,female,28.5,0,no,southwest,3720.44
35,male,26.8,1,no,southeast,6560.73
54,female,23.8,2,no,northeast,8978.49
33,female,31.9,0,yes,northeast,50550.95
23,male,26.8,0,yes,southeast,6359.93
57,male,33.6,1,no,northwest,1789.51
28,female,30.1,3,no,northeast,10977.75
61,male,35.7,2,no,southeast,3872.48
45,male,30.2,0,no,northeast,8663.81
56,male,29.6,1,no,northeast,5059.99
37,male,37.0,2,no,southwest,7090.42
40,male,39.9,2,yes,southeast,35880.52
27,male,32.0,1,no,northwest,2713.14
54,female,17.8,2,no,southwest,27848.78
44,male,33.2,0,no,northeast,6575.03
36,male,31.1,0,no,southwest,2772.45
54,male,21.3,3,no,northeast,35942.73
51,female,35.7,0,no,southwest,3321.12
37,male,34.8,0,no,southeast,8995.89
30,female,30.0,3,yes,northwest,42016.33
60,female,18.9,1,no,northwest,6523.46
20,female,33.4,1,yes,northeast,43276.62
45,female,39.1,0,no,southwest,2887.08
39,male,40.9,2,no,southeast,5582.27
48,female,35.9,3,no,southeast,24788.05
19,female,36.6,1,no,northwest,11635.73
49,female,41.0,3,no,northeast,5535.8
40,male,19.9,1,no,northwest,4795.08
53,male,36.7,2,no,northwest,6852.94
23,female,36.2,0,no,northeast,4680.02
59,male,47.1,2,no,southeast,11935.02
51,male,26.6,1,no,southeast,8230.74
36,female,34.7,0,no,southwest,8783.43
60,female,23.7,3,no,southeast,13287.15
40,female,27.7,0,yes,northeast,19809.67
42,male,38.5,0,no,southeast,13141.29
18,male,32.8,0,no,southeast,1666.0
59,male,25.8,0,no,northwest,3552.65
55,male,27.5,0,no,southeast,13240.42
56,male,33.1,2,no,northeast,8859.37
57,female,34.1,3,no,northwest,12644.65
50,male,35.5,5,no,northeast,9861.24
35,female,24.2,0,no,northwest,5279.32
53,female,25.5,1,no,northwest,5022.65
36,male,25.8,0,no,southeast,12042.72
47,female,37.7,1,no,southwest,7794.34
38,female,38.0,0,no,southeast,12733.57
32,male,42.5,2,no,northeast,3494.19
35,male,37.6,3,no,northwest,8139.05
51,male,22.3,0,yes,southeast,15170.9
23,female,28.2,2,no,southeast,10989.44
46,female,36.1,0,yes,southeast,46985.97
46,male,25.3,1,no,northeast,9210.37
46,female,42.5,2,no,southeast,17372.74
20,female,23.7,0,yes,northwest,37526.64
46,female,38.2,0,no,southwest,6609.84
60,male,39.8,0,no,southeast,21471.66
60,male,29.7,0,no,southwest,6162.76
49,female,25.6,5,no,southwest,3800.21
40,female,31.3,3,yes,southeast,18169.64
51,female,33.3,0,no,southwest,14449.05
53,male,39.0,3,no,northwest,7258.95
30,female,17.4,2,no,northeast,6313.32
48,male,29.9,2,no,northwest,6019.51
60,male,38.7,0,no,northeast,9325.03
24,female,29.2,0,no,northwest,13317.72
35,female,25.3,1,no,southwest,4163.3
61,male,47.6,0,no,northeast,1823.0
36,female,28.8,3,no,northwest,10991.52
36,female,31.3,0,no,northeast,35299.6
21,female,29.4,1,no,southeast,3116.65
45,female,30.8,2,no,southeast,1617.41
24,female,33.5,2,no,northwest,3448.01
40,female,25.8,1,no,southeast,8182.3
28,female,25.7,4,no,southeast,3336.05
49,female,27.8,1,no,northwest,6486.32
34,female,27.7,3,no,southeast,6671.53
30,male,17.4,0,no,northwest,22197.1
20,male,38.7,0,no,northwest,26701.42
46,female,35.5,0,yes,southeast,15024.97
51,male,26.2,0,no,northwest,8525.05
60,female,40.9,2,yes,northeast,47365.95
32,male,23.8,0,no,southwest,2093.95
51,male,36.6,3,no,southeast,9698.66
26,female,25.0,2,no,northwest,5268.41
48,male,26.4,1,no,southwest,2678.86
19,male,17.5,0,no,northeast,3600.07
47,male,23.1,0,no,northeast,8449.62
19,female,26.9,0,no,northwest,27093.08
26,male,21.7,0,yes,southwest,35115.89
30,female,32.2,0,no,northeast,3317.16
43,female,26.8,2,yes,northeast,43017.43
51,female,28.2,1,no,northeast,9232.62
42,male,41.5,0,no,southeast,6168.85
60,female,32.0,2,no,northeast,5784.08
28,male,25.3,1,yes,southwest,37715.11
58,female,29.0,0,no,southeast,18194.69
24,female,43.1,0,yes,southeast,33548.71
49,male,25.1,3,no,northwest,16108.6
38,male,35.7,1,no,southeast,5782.96
32,male,40.3,0,no,northeast,6267.55
19,female,25.8,4,no,northwest,5820.31
56,male,34.7,1,yes,southwest,36711.62
64,female,28.2,1,no,southeast,12574.38
64,female,44.0,2,no,southeast,6398.14
21,female,39.4,1,no,southwest,9383.01
44,male,30.5,2,no,southeast,8243.62
43,male,38.1,1,no,southwest,4927.76
32,male,35.5,3,no,southwest,3273.27
31,male,27.5,0,no,northwest,12150.04
27,male,33.1,1,no,southeast,10890.06
30,female,22.0,3,no,southeast,5465.09
45,female,20.3,0,no,northwest,2653.93
35,male,26.7,2,yes,southwest,16646.61
37,male,33.7,0,no,northwest,1266.22
35,male,38.2,1,no,northeast,2350.63
33,female,23.3,0,no,northwest,9603.59
49,male,17.4,2,no,southwest,5745.6
49,female,39.4,0,no,northwest,12970.64
44,female,34.7,0,no,southeast,20543.4
61,male,38.2,3,no,northeast,41094.05
34,male,35.8,0,no,northeast,2361.79
47,male,43.7,3,no,northeast,22410.53
28,female,33.1,3,no,southeast,4968.53
32,male,25.8,4,yes,southwest,20092.51
45,female,36.5,2,no,northeast,3466.17
50,male,17.4,1,yes,northeast,40660.03
63,male,35.0,1,no,northwest,2751.57
50,female,39.7,0,yes,northwest,46805.63
64,male,33.1,0,yes,southeast,36455.68
60,male,30.4,0,no,southwest,13362.46
41,female,32.9,0,no,southeast,26710.2
58,male,38.0,0,no,northwest,23986.74
52,female,21.7,3,yes,northwest,29893.29
53,male,37.3,2,no,southeast,11019.82
44,male,36.8,0,yes,northwest,35659.11
62,male,25.7,3,no,southeast,3206.8
46,male,37.9,0,no,southwest,10826.6
30,female,31.0,1,no,southeast,45391.16
18,female,39.3,2,yes,southeast,3493.2
30,male,28.7,0,no,northwest,7767.44
41,female,29.2,2,no,northwest,12692.87
27,female,43.1,0,no,southeast,12069.06
60,male,33.3,1,no,southwest,5713.92
30,female,32.0,0,no,northwest,10265.06
35,male,21.6,1,yes,northeast,9915.87
53,female,35.2,0,yes,northwest,25615.73
50,female,35.6,1,no,northwest,9034.23
38,female,40.0,3,no,northwest,10360.87
39,female,32.3,0,no,southwest,9606.78
53,male,41.0,2,no,northwest,6306.99
31,male,30.5,0,no,southwest,4013.1
48,female,33.9,0,no,southwest,4351.48
62,male,35.1,1,yes,northeast,45190.8
45,female,33.7,3,no,southeast,7623.9
18,female,33.1,2,no,southeast,7242.5
44,female,25.2,1,no,northwest,3239.15
18,male,33.0,0,yes,northeast,2607.71
44,male,36.0,1,no,southeast,6419.85
40,female,32.9,2,no,northeast,4880.97
54,female,37.6,1,no,southwest,1773.61
22,male,34.3,3,yes,southeast,35838.75
32,male,30.7,2,no,southwest,37848.38
24,male,32.5,3,no,southwest,7334.0
58,female,31.1,1,no,southwest,6198.04
54,female,32.2,4,no,northwest,2006.78
64,female,28.1,0,no,southwest,2531.99
53,female,30.9,0,no,northwest,31184.09
57,male,22.7,0,no,northeast,13884.71
51,male,32.1,2,no,southeast,10065.55
26,female,34.0,1,no,northwest,10716.52
37,male,24.3,3,no,southwest,18358.4
21,female,34.5,2,no,southwest,3167.34
50,female,30.0,0,no,southwest,2915.81
61,male,23.7,0,yes,southwest,18457.28
21,female,22.7,1,no,northeast,3290.28
55,female,24.2,0,no,northwest,11949.15
52,male,35.2,2,yes,southeast,23393.84
57,female,27.6,2,no,northeast,5435.2
26,female,27.7,1,no,northwest,27393.25
29,male,47.6,1,no,northwest,6352.3
53,male,24.7,0,no,northeast,2563.91
49,female,21.5,0,no,northwest,4335.43
53,female,28.7,0,yes,southwest,14414.6
57,male,24.8,0,no,southeast,1450.4
20,male,29.6,1,no,southwest,9944.59
26,female,26.3,0,no,northeast,13631.36
55,male,27.4,2,no,southeast,11848.3
62,female,26.5,0,no,northeast,13046.26
39,male,23.3,3,no,northwest,2597.92
53,female,40.1,0,yes,southeast,33111.41
38,male,35.1,0,no,southeast,6857.81
31,male,36.8,3,no,southeast,13845.97
18,female,32.0,2,no,southwest,20784.72
49,female,26.8,2,no,northeast,7096.79
49,male,24.0,1,no,southwest,3552.89
25,male,32.7,2,no,northwest,9686.05
20,male,29.3,0,no,northwest,1831.11
52,female,38.2,0,no,southeast,3136.44
25,male,29.9,1,no,northeast,3445.26
63,female,17.4,0,no,northwest,27792.2
26,male,28.9,0,yes,southwest,51517.01
35,male,41.4,0,no,northeast,34719.03
21,male,25.2,0,yes,southeast,35143.64
57,female,31.1,0,no,southeast,10960.18
24,male,27.7,2,no,northwest,25988.48
29,male,26.8,2,no,northwest,2722.61
42,female,25.8,1,no,southeast,5487.79
43,female,35.8,2,no,southwest,8432.98
39,male,23.8,1,yes,southwest,17426.72
48,female,20.5,3,no,northwest,2999.75
35,male,29.6,0,no,southeast,13386.15
49,female,27.9,1,no,northwest,4842.5
58,male,34.3,3,no,northwest,36010.5
49,female,35.8,0,no,northeast,3265.03
48,male,38.2,0,no,southeast,2169.68
26,female,27.6,0,no,southwest,9140.75
34,female,41.6,2,no,southwest,34966.63
35,male,33.0,0,no,northwest,5834.58
62,female,26.5,2,no,northwest,3912.49
18,male,33.8,1,no,northeast,9450.82
52,female,33.8,0,yes,southeast,35726.91
52,female,24.8,0,no,southwest,9703.44
37,female,36.0,2,no,southwest,14150.94
28,male,20.2,1,no,southwest,9741.41
28,female,36.1,0,no,northwest,2434.12
46,male,29.3,0,no,southeast,13946.48
59,female,35.1,1,no,northeast,3524.88
36,male,23.0,0,no,northwest,13782.12
51,female,35.8,1,no,northeast,9265.59
52,male,34.2,1,no,southeast,11006.76
61,female,39.9,1,no,southeast,28787.5
46,male,37.1,0,no,southeast,49816.81
35,female,30.0,1,no,southwest,5592.06
36,male,37.8,0,no,southwest,9605.27
55,male,23.7,0,no,southeast,1689.49
46,female,36.9,0,no,northwest,12194.59
30,female,33.7,1,no,southeast,12067.21
22,female,37.6,2,no,southeast,11215.44
48,male,29.8,3,no,northwest,3676.22
24,female,40.5,0,no,northeast,20746.21
21,male,31.3,0,no,northeast,2134.64
20,male,37.0,2,no,northeast,9314.86
20,female,30.8,3,no,southeast,16640.35
23,female,25.2,0,no,southeast,11492.03
64,male,41.7,0,yes,southeast,2446.55
37,male,20.2,0,no,northwest,3990.54
59,female,33.1,3,no,southeast,25270.14
47,male,36.0,0,no,southeast,6157.11
52,male,37.1,0,no,southeast,1775.97
34,male,26.9,0,yes,northwest,12931.22
64,male,47.6,0,no,southeast,4101.86
36,male,29.2,2,no,northwest,3960.53
49,male,24.5,0,no,northwest,5962.88
31,female,28.5,5,no,southeast,24777.18
19,female,28.2,1,no,southwest,4957.18
55,male,35.5,0,no,northeast,3593.51
44,male,39.8,0,no,southwest,13039.93
46,female,36.2,0,no,southwest,13818.28
41,male,31.5,2,no,northeast,14824.68
28,male,29.4,3,no,southeast,13361.52
61,male,30.1,4,yes,northwest,22155.67
22,male,40.8,1,no,southeast,10490.3
24,female,24.9,0,yes,northeast,20346.96
49,male,30.4,3,no,southwest,5443.24
38,male,44.7,2,no,southeast,29677.07
53,male,21.4,1,yes,northwest,34139.52
39,male,37.4,2,yes,northwest,14359.91
42,male,17.4,1,no,northeast,6317.8
56,male,25.8,2,no,southeast,5496.01
34,female,30.2,0,no,northwest,15944.2
59,male,26.3,1,no,southeast,4629.07
56,male,17.4,0,no,northwest,5268.14
46,male,39.1,2,no,southwest,11855.19
61,female,37.8,1,no,southeast,11062.87
28,female,32.9,2,no,northwest,41702.53
55,female,28.3,3,no,northeast,8238.47
36,male,22.3,1,no,northwest,5899.0
30,female,22.1,1,no,northwest,6149.09
31,male,27.8,2,no,southwest,5100.18
56,male,30.7,2,no,northwest,13085.19
39,male,25.8,0,no,southeast,3888.79
40,male,25.9,1,no,southeast,4883.21
18,female,25.2,0,no,southeast,2082.72
44,female,40.4,0,no,northwest,1654.24
23,female,37.5,0,no,southwest,7840.18
45,male,33.2,0,no,southeast,20296.75
62,male,39.9,1,no,southwest,5096.55
30,female,23.8,5,no,southwest,4090.58
60,male,30.7,3,yes,southeast,37837.88
26,male,35.8,3,no,southeast,5083.28
58,female,38.1,0,no,southeast,11887.5
27,male,30.4,1,no,northwest,13317.38
40,male,22.9,1,no,northwest,6243.55
20,female,45.2,3,no,southeast,2032.72
57,male,34.7,0,no,northwest,1442.3
52,male,30.7,1,no,southwest,11693.4
31,female,36.7,1,no,southeast,6103.31
53,male,22.4,0,yes,northwest,26259.84
46,male,32.4,1,no,northeast,25578.89
41,male,36.3,1,no,northwest,9812.82
29,female,32.6,0,no,southwest,2147.95
33,male,32.5,1,no,southeast,22160.58
19,female,28.4,1,no,southeast,10160.18
30,male,23.7,5,no,southeast,21701.91
43,female,30.2,2,yes,northwest,43920.57
54,female,22.1,2,no,northeast,24218.97
19,male,28.1,1,no,southwest,2717.53
19,female,38.2,1,no,northwest,5628.54
34,male,44.4,0,yes,northeast,45042.61
36,female,40.6,3,no,northwest,12124.6
21,female,21.9,2,no,northeast,12133.16
46,male,37.3,2,no,southwest,9417.56
22,male,36.6,2,yes,northwest,46593.45
24,female,46.1,3,no,southeast,2785.82
41,female,25.3,1,no,northeast,12148.07
18,male,33.6,1,no,northwest,19632.55
22,male,35.3,0,yes,northwest,2330.57
35,female,27.8,3,no,southwest,4496.18
26,female,42.1,3,no,southeast,4420.92
19,male,18.0,0,no,northwest,1531.68
19,female,22.7,1,no,northwest,11331.4
49,male,26.3,0,yes,northeast,21352.05
43,male,31.7,0,yes,southwest,32856.99
33,male,30.1,3,no,northeast,2763.68
30,male,30.5,2,yes,northwest,24177.16
46,female,37.8,3,yes,southwest,40310.47
43,female,35.1,2,yes,southeast,24567.95
42,female,47.6,0,no,southeast,4313.95
44,male,28.6,1,no,northeast,12344.49
42,female,33.2,2,no,northwest,4919.65
54,female,30.6,2,no,northwest,23527.39
51,male,37.8,1,no,southwest,3762.64
62,female,28.9,0,no,southeast,21907.71
51,female,31.3,3,no,northeast,9696.77
29,female,21.2,4,no,northwest,9617.76
54,male,22.5,0,no,northwest,11324.59
52,female,24.3,0,no,southwest,2371.55
40,female,31.1,0,no,southeast,4184.02
32,female,26.9,1,no,southeast,11808.7
29,female,30.8,3,no,southwest,6317.47
49,male,20.6,0,no,northwest,8404.37
39,male,32.5,1,no,southeast,4344.12
51,female,19.0,0,yes,northwest,9985.75
53,female,34.4,3,no,northeast,5604.49
37,male,29.6,2,no,southwest,7223.32
28,female,27.3,2,no,southwest,4431.75
50,female,28.4,4,no,southeast,4473.88
63,female,24.6,1,no,southwest,13010.52
47,female,24.1,2,yes,southeast,41999.84
49,female,28.9,1,no,northwest,8267.42
38,female,35.3,2,no,southeast,6559.85
25,female,45.0,0,no,southeast,14869.0
41,male,31.4,3,no,southeast,6411.29
57,male,17.4,3,no,northwest,6535.11
19,female,29.4,0,yes,northwest,23511.93
39,male,34.5,0,no,northwest,3703.6
62,female,26.5,0,no,southwest,21671.02
19,male,35.6,0,no,southwest,13928.21
45,female,47.6,4,yes,southeast,7166.49
52,female,36.5,0,no,southeast,51361.61
46,male,44.2,0,no,southwest,9497.49
22,male,23.3,5,no,southeast,6462.56
53,female,41.9,0,no,northeast,11246.63
39,male,30.6,0,no,northeast,7065.42
31,female,25.2,1,no,northeast,3907.97
48,female,46.2,4,no,southwest,4022.98
57,male,23.6,0,yes,northwest,39084.84
55,female,34.4,0,no,northwest,5416.16
22,male,34.6,2,yes,southwest,39858.48
27,female,28.4,3,yes,southwest,19257.51
37,female,33.3,0,no,southwest,6188.99
37,female,40.0,2,no,southwest,6354.56
32,female,27.8,1,yes,northeast,49161.76
31,female,30.2,1,yes,southeast,43384.4
26,female,39.9,0,no,southeast,2059.85
54,female,22.0,0,no,northeast,12603.05
43,female,20.2,1,no,southeast,9881.2
48,female,41.4,0,yes,southeast,20133.18
30,male,39.1,3,no,southeast,6975.54
64,female,34.5,0,no,southeast,4849.78
61,female,34.7,3,no,southeast,21652.08
28,male,29.7,1,no,southeast,19350.76
29,male,31.4,0,yes,southeast,33025.17
37,female,25.8,0,yes,northeast,2098.02
46,male,43.8,0,yes,southeast,40977.99
55,female,28.3,1,no,northeast,10923.31
59,female,38.5,0,no,southwest,3392.43
61,male,22.7,0,yes,northeast,16923.63
20,male,30.6,3,yes,southeast,44409.61
62,female,35.8,3,no,northwest,12932.49
33,male,29.9,1,no,northeast,23370.34
62,male,32.6,1,no,northwest,9950.24
19,male,30.8,0,no,southwest,1215.28
44,female,28.2,2,no,northeast,24539.26
23,female,44.0,3,yes,northeast,34838.64
40,male,30.8,3,no,southeast,6652.52
51,female,47.6,3,yes,northwest,16149.02
63,male,40.6,3,yes,southwest,39966.47
60,female,17.4,1,yes,southeast,20537.97
41,male,29.8,1,no,southeast,4662.62
33,male,28.5,0,no,southwest,3310.03
59,female,38.9,2,no,northwest,4229.68
50,female,35.8,0,yes,northwest,37683.82
34,male,21.8,0,no,northwest,2340.03
47,male,34.6,1,no,southeast,9203.83
35,female,37.6,1,no,southwest,3301.08
43,female,45.3,2,no,southeast,6501.83
49,female,27.2,1,yes,northwest,14494.45
29,male,26.2,2,no,southeast,7820.35
19,male,34.8,0,yes,southeast,35080.27
49,male,22.3,0,no,northwest,28738.05
29,male,27.6,2,no,southwest,5065.96
34,male,27.3,2,no,southeast,1674.81
43,male,25.8,0,no,southwest,2051.75
41,female,29.8,2,yes,southeast,31547.54
36,female,27.2,3,no,southeast,1810.98
28,female,35.8,1,no,southwest,3676.61
54,male,24.9,0,no,northwest,34932.21
43,female,34.4,0,yes,northwest,22371.78
39,male,28.5,1,no,northeast,8722.44
20,male,32.8,0,yes,northeast,38147.13
63,female,35.5,0,no,southwest,13425.64
32,male,41.8,1,no,southeast,28264.16
40,female,19.3,0,no,northwest,5424.81
39,female,40.8,0,yes,southeast,16808.14
58,male,32.8,2,no,northwest,11322.37
41,male,24.3,0,yes,southeast,16036.44
25,male,29.3,1,yes,northeast,8852.9
46,male,33.8,0,yes,northeast,33096.72
55,female,30.8,1,no,northeast,9310.56
41,male,29.0,0,yes,southeast,15221.11
39,female,30.2,2,no,southwest,28061.63
59,female,30.1,3,no,southwest,12520.11
50,female,28.8,2,no,northeast,4964.22
45,male,34.6,3,yes,southwest,4915.54
53,female,32.1,0,no,northeast,13503.17
58,male,28.5,0,yes,northwest,37107.36
43,female,30.5,0,no,southwest,2599.17
43,female,24.4,0,no,northeast,48275.59
52,male,19.6,5,no,northwest,5809.57
45,male,30.1,0,no,southeast,9229.29
50,female,26.6,1,no,northwest,11265.66
41,male,30.1,1,no,northeast,8435.11
62,female,22.3,0,no,northeast,2179.39
49,female,33.1,2,no,southeast,7308.28
42,female,33.6,0,yes,northeast,20914.08
22,female,21.1,0,no,northwest,13982.95
33,female,37.4,0,yes,southeast,36250.15
48,female,21.8,1,no,northeast,24413.57
32,male,30.3,0,no,northwest,12406.07
37,female,44.9,3,no,southeast,9146.98
41,male,42.6,0,no,northwest,3077.46
24,female,33.1,1,no,southeast,9693.04
25,female,23.3,1,no,southwest,4008.32
38,male,21.9,3,no,southeast,5305.65
21,male,27.9,1,no,southeast,3965.32
33,female,47.6,0,no,northeast,21980.83
40,male,40.3,0,no,southwest,6652.69
58,male,34.3,1,no,southeast,10327.02
60,male,43.5,0,no,southeast,12742.94
38,female,26.9,0,no,northwest,1763.79
22,female,27.6,0,yes,southeast,20837.04
64,female,34.5,0,no,northwest,3340.4
27,male,47.6,0,no,northeast,12458.56
19,female,28.2,0,no,northwest,21798.6
51,female,35.9,1,no,southwest,3615.81
40,female,31.2,1,no,northwest,2873.2
36,female,38.0,2,no,northeast,6852.8
30,female,18.2,4,yes,southeast,22678.89
43,male,35.1,1,yes,southwest,21709.46
51,male,36.2,0,no,northeast,7042.99
58,female,30.8,2,no,southwest,9633.76
33,male,34.8,3,no,southwest,4636.48
47,male,35.8,1,yes,southwest,44332.27
28,male,26.2,0,no,southwest,12954.91
45,female,30.0,2,no,southwest,7414.86
18,male,34.8,0,no,northeast,1148.82
28,male,33.0,0,no,southeast,17400.53
19,female,34.9,2,no,northwest,23602.88
60,female,30.0,0,no,southeast,12196.22
53,female,34.3,0,no,northwest,10046.73
33,male,33.7,2,no,southeast,14195.27
48,male,27.6,0,no,southwest,14002.59
58,male,28.3,3,yes,southeast,18294.35
51,male,39.0,0,no,northeast,6144.38
20,male,30.6,0,no,northwest,1745.72
32,female,42.8,2,no,southeast,5067.41
43,female,23.7,2,yes,southwest,25888.23
50,male,33.9,1,no,southwest,5121.94
50,male,40.8,1,no,southeast,13679.58
20,female,28.8,1,no,northwest,11940.82
30,male,29.1,1,no,southeast,4816.54
26,female,20.5,0,yes,southeast,37295.96
30,male,28.8,0,no,southeast,4129.69
48,male,24.6,0,no,southwest,13972.29
52,male,28.9,0,no,southeast,2678.48
55,male,47.1,0,no,southwest,14329.58
53,female,27.8,1,no,southwest,10977.34
32,female,44.1,1,no,northwest,4235.49
44,female,30.0,3,no,northeast,5604.11
34,female,41.7,1,no,southwest,8401.46
54,female,28.0,1,no,southeast,2679.3
49,female,34.2,0,no,southeast,2617.4
52,male,47.6,1,no,northeast,16435.82
60,female,47.6,0,no,southeast,13187.0
63,male,25.0,0,no,northeast,13077.11
59,female,28.0,0,no,southeast,4172.48
23,male,38.2,2,no,southeast,37150.92
38,female,20.2,1,no,northwest,4164.3
48,female,29.7,3,no,southwest,12995.04
20,male,30.1,3,yes,southeast,38817.26
23,female,21.8,3,no,northeast,4000.66
43,female,23.0,1,no,southeast,3995.1
29,female,32.7,0,no,northeast,1846.73
47,male,33.0,0,no,northeast,25142.06
57,male,47.6,0,no,southeast,2336.19
18,male,18.8,1,no,northwest,7453.25
44,male,31.5,0,yes,northeast,34654.32
45,female,28.3,2,no,northwest,10225.11
55,male,37.1,0,no,northwest,12282.13
64,female,34.4,0,no,northwest,5667.14
22,male,33.6,2,no,southwest,3465.86
50,male,22.3,0,no,northwest,4099.02
31,male,26.0,2,no,northeast,6337.97
54,female,23.3,0,no,northwest,12288.84
39,female,32.3,5,no,southeast,6068.34
54,female,17.4,3,no,northeast,6312.02
40,male,30.1,0,yes,southeast,4403.01
22,female,24.6,2,no,southwest,7214.38
43,female,25.8,3,no,southwest,9629.73
22,female,32.2,1,no,northwest,11919.69
37,male,33.0,2,no,southeast,7187.67
49,male,24.9,0,yes,southwest,18938.93
63,female,27.4,1,no,northwest,9317.82
64,male,29.0,0,no,southwest,12280.82
38,male,26.2,0,no,southeast,6412.21
31,female,32.2,3,yes,southeast,47612.15
51,female,27.6,0,yes,northwest,24545.96
58,female,31.6,0,no,northeast,29103.76
26,male,30.2,0,no,northwest,13853.91
24,female,29.9,0,no,northeast,12899.77
40,female,39.3,0,no,southeast,12210.34
44,female,17.4,0,no,northwest,5834.13
21,male,20.9,1,yes,northwest,39992.55
30,female,41.9,2,no,northeast,8485.79
63,male,37.6,0,no,northeast,9345.07
32,male,29.6,0,no,northeast,13823.87
44,female,28.3,3,no,northeast,7312.93
49,female,23.2,1,no,northwest,12044.39
60,male,29.8,2,yes,southeast,21359.0
61,male,27.3,2,no,northwest,9894.85
36,male,26.8,1,no,northeast,8682.78
27,male,27.8,3,no,northeast,4573.9
38,male,47.6,0,no,southwest,6681.16
54,female,31.8,0,yes,northwest,9006.07
44,female,26.1,1,no,southeast,5704.08
61,male,28.4,4,no,southeast,6725.67
56,female,17.4,2,no,southeast,3152.83
36,female,29.2,0,no,southeast,4586.88
53,male,35.5,1,no,southeast,3278.78
55,female,25.8,4,no,southeast,24214.97
41,female,24.4,0,no,northwest,12629.22
28,female,29.2,2,no,southeast,3990.97
34,male,29.0,0,no,northwest,13221.8
54,female,25.8,3,no,southwest,10153.15
47,male,27.8,3,no,southwest,27699.41
40,female,33.8,0,no,southeast,3498.58
18,male,47.3,0,no,southeast,1653.05
46,female,23.6,2,no,northeast,11859.41
48,female,37.5,0,no,northwest,2001.57
21,male,30.5,0,no,southeast,2009.88
62,male,37.0,1,no,northeast,4072.79
49,female,22.4,0,yes,southeast,34275.0
50,female,27.1,3,no,southeast,28310.84
47,male,34.0,0,no,northeast,3966.1
19,female,22.3,2,no,northwest,23502.34
29,female,36.8,2,yes,northeast,47021.16
25,male,31.3,0,no,southeast,1905.34
26,male,31.6,0,no,northeast,18176.1
45,male,28.8,1,yes,southeast,24939.27
32,male,31.3,1,no,southeast,11017.52
45,male,33.4,0,no,southwest,26753.91
30,male,33.2,0,no,southeast,12013.54
25,male,47.6,0,no,southeast,13697.17
18,male,23.2,1,no,northeast,12527.09
36,female,29.8,3,no,northwest,5488.3
40,female,39.5,3,no,northeast,7111.36
33,male,43.7,2,no,southwest,11220.97
41,female,43.9,4,yes,southeast,47867.18
53,male,25.3,2,no,southwest,9706.81
18,male,33.9,0,no,southwest,11568.7
60,male,21.9,0,yes,northwest,39707.88
20,male,38.1,0,no,southwest,42291.91
23,male,34.3,0,no,southeast,18605.95
59,male,36.1,1,no,southeast,8185.72
27,male,39.4,0,no,southwest,35814.04
33,female,31.0,1,no,southeast,4229.84
27,male,40.6,3,yes,southwest,38732.66
23,male,24.0,0,yes,northeast,40194.42
23,male,29.5,2,no,northeast,7148.96
64,female,38.8,0,no,northwest,7538.41
40,female,32.4,0,no,northeast,2890.48
24,male,32.3,3,no,northwest,20384.32
28,male,30.0,0,no,northwest,3338.85
52,female,24.8,0,no,northwest,12234.12
53,male,37.1,0,no,southeast,27078.24
54,female,33.1,0,yes,southeast,46133.14
27,female,28.0,2,yes,northeast,18282.12
38,male,39.8,0,yes,southeast,39301.09
29,male,34.3,0,no,northwest,2948.21
19,male,38.3,1,yes,southeast,24451.74
46,female,29.7,0,no,northeast,14299.92
41,male,43.9,3,no,southeast,5797.79
59,female,33.8,1,no,northeast,3190.84
61,female,47.6,1,no,northeast,5822.96
46,male,27.7,0,yes,southwest,40425.09
23,male,34.6,2,no,northwest,5758.17
46,female,36.2,0,no,southeast,1584.31
56,female,32.3,0,no,southwest,3141.46
29,male,35.8,5,no,southwest,26571.2
22,female,17.4,3,yes,northeast,16131.0
35,female,32.9,0,no,southwest,5504.98
19,female,40.3,3,no,southwest,2718.97
45,female,29.9,1,no,southeast,7240.69
27,male,23.3,2,no,northwest,8096.27
23,female,35.5,3,yes,southwest,16630.45
21,male,26.4,0,no,southwest,1867.93
44,female,19.1,3,no,southwest,10213.47
48,male,33.1,0,no,southeast,29578.2
43,female,33.6,3,no,southwest,18844.92
57,female,21.6,3,no,southwest,16122.63
20,female,29.2,2,yes,northwest,10881.48
49,male,17.4,5,yes,southwest,30349.3
28,male,31.6,2,no,northwest,7009.76
64,female,27.0,2,no,southwest,4728.12
18,male,42.2,0,no,southeast,1333.42
64,female,34.0,0,yes,southeast,35695.53
47,male,36.1,1,yes,southwest,39023.98
39,female,27.2,1,no,northwest,12358.82
46,male,31.8,2,no,southeast,10075.11
45,male,20.1,0,no,northeast,2126.62
51,male,37.5,0,no,southeast,50480.0
39,female,34.7,3,no,northwest,8503.06
25,male,36.4,0,no,southeast,10094.98
60,male,29.9,0,no,southeast,17981.77
60,female,24.5,2,no,southeast,6182.26
28,male,36.5,1,yes,southeast,37242.21
31,female,38.3,0,no,northwest,5359.03
47,male,32.8,0,no,northeast,21385.32
47,male,33.3,0,no,northeast,38283.47
42,female,24.6,1,no,northeast,7973.4
52,male,19.5,0,no,northwest,19828.25
53,male,38.0,1,yes,southeast,37794.48
21,female,25.9,0,no,northwest,9051.37
23,female,24.4,0,no,northwest,12470.8
40,female,33.7,4,no,northeast,8022.33
18,male,29.2,0,no,northeast,11964.54
55,female,27.3,3,no,southwest,9003.32
22,female,23.0,3,no,southwest,3446.39
33,female,29.5,2,no,southeast,12042.82
25,male,33.5,3,no,northeast,12338.95
38,male,19.9,2,no,southeast,11498.01
35,female,24.4,2,no,southwest,5637.57
48,female,31.0,0,yes,southeast,50950.82
40,female,40.6,0,no,southeast,6265.72
19,male,27.9,1,yes,northwest,23987.24
41,female,28.8,1,no,southeast,4160.39
45,female,27.9,2,no,northwest,2728.52
35,male,30.6,3,yes,northwest,38902.59
22,male,33.8,0,yes,southwest,37023.89
64,male,37.9,3,no,southwest,4216.4
21,male,37.7,1,no,southeast,2899.07
35,male,23.2,2,no,southwest,1163.18
41,female,26.9,2,yes,southeast,47550.83
53,male,29.3,0,no,northeast,20283.51
36,male,28.6,0,no,northwest,21364.45
59,male,33.2,0,no,southeast,8312.94
51,female,38.0,0,no,southeast,2251.81
35,male,31.5,1,no,northwest,6083.95
38,female,27.3,0,no,northeast,3641.75
24,male,36.5,0,no,northwest,8953.41
46,male,30.8,1,no,southwest,10451.23
26,male,40.2,2,no,northeast,12887.65
20,female,28.8,2,yes,southwest,29015.86
20,female,26.7,2,no,northeast,29613.24
41,male,30.8,0,no,southeast,26617.03
28,male,33.3,0,yes,northeast,2264.42
27,male,26.6,0,no,northwest,1221.74
35,male,22.6,0,no,northwest,13780.68
28,female,23.2,0,no,southwest,9234.54
52,female,25.5,1,yes,northeast,18848.49
27,male,37.0,1,no,southeast,7489.51
42,male,35.6,0,no,southeast,5485.23
46,female,37.8,1,no,northeast,9346.54
36,female,28.9,1,no,northwest,11874.9
59,male,34.2,0,yes,southwest,2283.06
22,male,23.0,0,no,southwest,25339.09
55,female,33.8,0,no,southwest,3285.95
20,female,37.6,1,no,southeast,9888.41
52,male,47.0,2,yes,southeast,22984.04
48,female,37.8,1,no,southwest,12237.52
43,female,36.7,1,no,southeast,9528.62
56,male,36.8,1,no,southeast,3900.7
25,female,17.9,0,no,southeast,4783.38
48,male,35.5,0,no,northeast,3539.32
26,female,24.8,1,yes,northeast,21925.57
43,male,27.5,5,no,northwest,4932.98
48,male,30.4,0,no,northwest,2361.93
28,female,27.9,0,yes,southwest,29155.4
28,male,30.1,3,no,northwest,5301.6
24,male,40.9,0,no,southwest,14523.27
54,female,47.4,0,no,northeast,2899.29
63,male,31.3,1,no,northeast,9668.97
58,female,31.1,1,no,southwest,27333.76
31,male,31.3,0,no,northwest,4977.33
29,female,29.1,0,no,northeast,8176.55
18,male,27.0,1,no,northwest,7012.37
19,female,47.6,0,no,northeast,1996.42
42,female,26.3,5,no,southeast,4196.57
63,male,36.0,1,no,northeast,9846.43
64,male,26.7,1,no,northwest,16692.59
51,female,39.1,0,no,southeast,1594.63
45,female,18.2,2,no,northwest,7937.32
48,male,24.6,3,no,northwest,8574.39
26,male,38.1,5,yes,northwest,25609.82
51,female,29.9,0,no,northwest,1530.96
25,female,26.0,2,no,northwest,17759.0
18,male,25.2,2,no,southeast,40279.95
58,female,28.9,0,no,southwest,11320.32
48,male,24.0,0,no,northwest,10322.11
55,female,35.1,0,no,northeast,29107.35
59,male,28.9,4,yes,northwest,47507.42
29,female,23.8,0,no,northwest,10233.01
43,female,47.3,1,no,southeast,28716.49
63,male,25.0,4,no,northwest,9623.99
42,male,28.9,1,no,southeast,9834.82
47,male,36.0,0,no,northeast,20975.77
62,female,26.6,1,no,southwest,5068.77
32,female,35.7,3,no,southeast,7266.71
59,female,31.2,0,no,southeast,9528.64
19,male,30.7,0,no,southeast,1373.58
20,female,36.3,0,no,southeast,1824.15
43,female,33.7,0,no,southwest,9991.16
41,male,17.4,0,no,northeast,7182.35
24,male,23.7,0,no,southeast,2480.57
44,male,37.7,0,yes,southeast,40912.9
39,female,26.9,1,no,northwest,8653.01
49,female,31.1,1,no,southwest,2872.9
44,female,28.0,1,no,northeast,3299.12
23,female,34.3,1,no,southwest,8117.8
49,male,31.1,0,no,northwest,16537.39
58,male,39.9,0,no,southwest,3474.6
44,male,35.8,3,yes,northeast,38600.41
18,male,17.4,0,no,southwest,1694.04
48,female,32.7,0,yes,southeast,17678.21
30,female,35.0,0,yes,northwest,27192.54
54,male,24.7,0,no,northwest,8035.61
23,male,25.8,0,yes,northeast,19803.98
19,female,27.6,0,yes,southeast,11313.54
18,male,30.7,0,yes,southeast,16759.55
22,female,30.5,2,no,southwest,2794.97
44,male,25.6,0,yes,northwest,38123.81
26,female,23.2,0,no,northwest,9682.37
34,female,47.6,0,no,northwest,1998.28
46,female,26.5,0,no,northeast,2083.55
20,male,29.0,2,no,northeast,4547.75
41,female,23.6,3,no,northwest,6886.65
47,male,22.6,1,no,southwest,9983.03
19,male,26.5,0,no,southwest,2700.6
19,male,22.4,2,no,northeast,7762.2
24,female,47.6,0,no,southwest,4097.68
25,male,31.5,1,yes,northeast,47142.08
18,female,34.1,0,no,northeast,2366.13
54,female,30.2,3,no,northeast,3631.98
41,male,21.8,2,no,northeast,13756.64
60,female,44.5,0,no,southeast,12873.72
27,female,38.4,3,yes,southeast,10959.79
58,male,28.0,0,no,southeast,2205.28
20,male,19.6,0,no,southwest,11944.76
31,male,31.7,1,yes,northwest,39587.2
29,male,46.0,1,yes,southeast,40112.48
63,male,33.1,0,no,southwest,10171.45
24,female,30.2,0,no,northeast,13484.67
53,female,27.6,1,yes,southeast,49302.06
28,female,35.7,0,no,southwest,3549.38
23,male,34.4,2,no,northwest,1978.12
25,female,28.9,0,yes,southwest,24520.38
41,male,23.2,0,no,southeast,5657.46
29,female,29.9,1,no,southeast,3775.23
44,male,29.8,0,no,southeast,2248.82
44,female,32.2,1,no,northeast,6415.74
36,male,28.7,1,no,southeast,9024.33
52,male,28.0,0,yes,northwest,23591.08
57,male,37.5,2,no,southwest,9558.6
53,male,37.1,3,no,southwest,5459.3
62,male,26.0,1,no,southeast,3832.8
23,female,25.8,3,no,southwest,5115.31
46,female,31.1,0,no,northeast,13411.43
34,male,42.2,0,no,northeast,2040.86
36,female,20.5,0,no,southeast,2026.3
18,female,31.3,1,no,southwest,4235.37
44,male,31.7,3,no,southwest,6786.86
18,male,21.4,0,no,northeast,47331.15
59,male,21.6,0,no,southeast,3873.17
24,male,25.2,0,no,northeast,9167.51
25,female,26.5,0,no,northeast,9958.33
44,female,27.6,0,no,northwest,27524.39
20,female,29.8,0,no,northwest,19747.03
34,female,47.6,2,no,northwest,6102.79
19,female,25.4,1,no,northwest,10769.72
46,male,25.9,0,no,southwest,14752.79
24,male,30.2,1,no,southwest,7162.41
51,male,23.6,0,yes,northwest,36140.77
35,male,33.8,0,no,northeast,21198.62
36,male,32.4,1,no,southwest,2677.27
59,female,38.4,0,no,southeast,12292.43
35,female,25.7,2,yes,northeast,29359.75
40,female,39.7,1,no,southwest,4159.18
57,female,27.6,0,no,northwest,1772.65
64,male,25.7,2,no,northeast,6541.8
26,male,34.4,3,no,northeast,10783.38
34,male,29.6,2,no,northwest,8365.79
40,male,25.1,1,no,northeast,5008.92
60,female,30.6,0,no,northwest,12908.71
58,male,30.9,0,no,northeast,11924.25
22,male,37.0,0,no,northeast,12155.94
18,female,20.0,0,no,northeast,6156.04
31,female,25.7,2,yes,northeast,21930.26
62,female,31.9,2,yes,southeast,47847.64
60,female,20.5,3,no,northeast,5581.04
22,female,34.5,0,no,southwest,4881.58
27,male,31.1,3,no,southeast,7877.68
32,male,30.2,3,no,southwest,26106.75
38,male,43.3,3,no,southeast,7932.11
46,female,30.0,2,no,northwest,3143.0
26,female,26.0,2,no,northwest,12123.23
27,male,22.8,1,no,southwest,11478.7
34,female,29.6,2,yes,northwest,45670.24
26,female,47.1,0,no,southwest,49217.92
37,male,36.4,0,no,northeast,5442.7
59,female,27.1,3,no,northwest,12203.76
21,male,25.2,0,yes,northwest,45011.68
25,male,32.8,0,yes,southwest,45374.23
32,female,20.8,1,no,southeast,12011.1
35,male,21.8,0,no,northeast,5512.16
38,male,24.4,2,no,northwest,6501.37
53,female,23.9,1,yes,southeast,2949.58
47,male,41.6,0,yes,southwest,13750.1
60,female,23.8,2,no,northeast,6000.72
44,female,21.6,5,no,southwest,4618.52
47,male,43.9,1,no,southwest,11482.38
59,female,26.8,2,yes,southeast,28059.65
27,male,35.0,1,no,southeast,42603.72
54,female,24.4,1,no,northwest,2688.78
57,female,44.1,0,no,southeast,2348.81
42,male,25.4,2,no,southeast,11286.76
59,male,24.9,0,yes,southeast,47134.51
61,male,24.4,3,no,southwest,10661.22
20,male,34.3,0,no,southeast,2048.55
45,female,34.8,0,no,southwest,2614.19
53,female,31.1,3,yes,northeast,46661.0
60,female,34.3,2,no,northwest,13213.86
25,female,17.4,0,no,northwest,8366.98
30,male,28.8,1,no,northwest,6420.41
30,female,42.2,3,no,southeast,36122.11
61,male,45.0,3,no,northeast,6902.01
32,male,21.6,0,yes,northwest,46261.31
36,female,32.3,3,no,southwest,22590.81
59,male,36.8,1,no,southeast,28698.37
52,male,39.2,0,no,southwest,9688.95
55,female,23.3,0,no,northeast,8453.19
58,female,31.4,0,no,northwest,11902.7
53,male,39.1,2,no,northwest,31165.68
37,male,28.2,3,no,northwest,17737.32
55,male,25.5,0,no,northeast,12686.14
45,male,29.8,0,no,northwest,13048.34
37,male,23.8,0,no,northeast,1641.2
30,male,31.4,0,yes,southwest,32752.29
46,male,28.6,3,no,northeast,3555.78
20,female,27.5,0,no,southwest,3056.88
59,female,41.7,3,no,northeast,3113.33
52,female,31.8,0,no,northeast,34134.17
34,male,34.4,0,no,southeast,1838.96
34,male,21.7,0,no,northwest,2706.37
39,female,17.4,1,no,southeast,6533.15
41,male,39.8,2,no,southwest,3502.86
63,male,24.4,0,no,northwest,1980.6
35,female,20.2,1,no,northwest,6183.85
24,female,47.6,2,no,southwest,6605.6
20,female,25.9,1,no,southwest,3276.48
19,female,27.1,0,no,northwest,2657.76
37,male,25.6,0,no,northeast,6740.97
45,male,27.0,1,no,southeast,9407.92
21,male,28.9,0,no,southwest,4305.92
47,male,29.7,1,no,southwest,12708.95
63,male,23.2,0,yes,northeast,25997.54
62,male,21.8,0,yes,northwest,17659.27
34,female,23.5,0,yes,southeast,27122.05
46,female,29.8,0,no,southwest,12905.88
32,male,35.8,1,no,southwest,7719.99
26,female,37.4,2,no,northeast,10013.62
36,male,32.1,0,yes,northwest,2611.73
30,male,27.4,0,no,northwest,4522.93
32,female,28.1,0,no,northeast,11850.0
42,female,36.9,0,no,northwest,14057.48
56,male,32.6,2,no,southwest,5912.0
63,male,28.5,5,no,southwest,29711.03
38,female,24.0,2,no,northwest,6554.06
55,female,47.6,0,no,southeast,12370.94
19,male,34.3,2,no,northwest,8248.65
50,female,22.9,0,yes,northwest,45886.17
31,male,47.3,1,no,southeast,4681.97
38,female,20.8,2,no,northwest,6592.7
18,female,44.6,0,no,northwest,2377.4
39,male,17.4,1,no,northwest,6720.8
44,female,37.4,2,no,southwest,11084.07
60,male,35.0,2,no,northwest,1796.7
56,male,35.6,0,no,southwest,37777.87
42,male,37.4,1,yes,southeast,39667.09
46,male,43.9,1,no,southeast,31572.22
27,male,42.1,3,yes,northeast,47003.41
23,female,44.7,2,no,southeast,6562.51
55,male,33.3,0,no,southwest,10864.44
28,female,34.9,0,yes,southeast,16232.52
39,male,33.8,0,yes,southeast,40408.02
26,female,25.6,1,no,northwest,3552.73
64,male,31.8,0,yes,southeast,42564.39
21,male,39.5,0,no,northwest,2520.02
52,female,40.3,0,no,southwest,12529.62
59,male,45.6,0,no,southeast,10653.23
38,male,25.1,0,no,southeast,1794.91
36,female,26.3,1,no,northwest,4733.58
27,male,33.1,1,yes,southeast,46405.06
19,female,34.4,0,no,southwest,1147.31
40,male,23.8,3,no,northeast,6477.52
31,male,34.5,1,yes,southeast,40504.13
51,male,23.6,1,no,northwest,9205.56
44,female,36.7,2,no,southeast,21809.56
60,male,40.8,3,no,southeast,7719.49
49,female,27.6,2,no,northwest,12108.99
40,male,30.1,3,no,northeast,5445.59
27,male,30.1,3,no,southeast,18518.01
41,male,29.2,0,yes,southeast,20165.2
30,male,31.1,3,yes,northwest,38378.46
49,female,27.5,2,no,southwest,6259.75
18,female,38.9,1,yes,southeast,36969.68
45,male,17.4,0,yes,northwest,34181.73
53,female,19.4,2,no,northwest,11173.47
21,male,34.9,0,no,southeast,9781.5
64,female,38.1,0,no,northeast,14061.8
40,female,28.8,0,no,northwest,13064.3
22,female,29.8,0,no,southwest,1756.6
18,female,33.4,0,no,northeast,8066.62
56,male,33.7,1,no,southeast,29256.87
53,female,27.2,0,no,northwest,3099.56
39,male,25.3,4,yes,northeast,21692.23
58,male,37.0,0,no,northwest,4843.88
26,male,37.5,0,no,southeast,2600.05
50,male,24.2,3,no,southeast,6109.14
37,male,33.8,0,yes,northwest,44083.83
48,male,28.3,1,no,southwest,12042.03
31,female,27.5,2,no,southwest,6958.1
28,female,30.6,1,no,northeast,6913.63
31,female,31.7,2,no,northeast,13964.69
41,female,19.7,2,no,southwest,6933.94
22,male,37.0,3,no,northwest,24341.92
60,male,36.8,1,no,southeast,6741.98
18,male,35.8,3,yes,southeast,34837.38
28,male,24.3,0,yes,southeast,33117.06
41,male,30.4,0,no,northeast,11642.52
58,female,18.9,1,no,northwest,23405.33
48,female,24.3,0,no,southwest,9039.49
23,male,38.1,1,no,southwest,27131.24
31,male,39.8,2,no,northwest,7153.64
63,female,32.6,1,yes,southwest,44495.56
57,male,42.8,0,no,northeast,17922.59
18,male,19.1,0,yes,southeast,16575.36
32,male,39.0,0,no,southwest,28529.68
61,female,38.1,0,yes,southeast,29379.64
30,male,41.4,0,yes,southeast,19796.34
23,male,34.2,2,no,southeast,4337.47
64,male,47.5,0,yes,southeast,50780.8
30,male,35.8,1,no,southeast,7367.49
48,female,28.9,1,no,northwest,4214.03
63,female,47.6,3,no,southeast,9388.55
19,male,21.7,0,no,southeast,6776.0
34,male,47.6,2,no,northwest,3742.2
18,male,45.9,0,no,southeast,5783.01
53,male,30.8,0,no,southeast,2724.48
34,female,32.2,1,no,northeast,10032.9
41,female,29.5,3,no,southeast,7092.65
57,male,23.8,1,no,northeast,4629.29
46,female,23.3,1,no,northeast,8404.65
18,male,23.2,0,no,southeast,1706.92
49,male,37.9,1,no,southeast,7094.06
25,female,32.4,0,no,northwest,13450.75
53,male,19.8,0,no,northwest,2375.14
20,female,31.4,3,no,southeast,8397.3
36,male,31.6,0,no,northwest,4380.43
25,male,33.5,2,no,northeast,9973.69
55,male,30.8,0,no,southwest,10801.79
28,female,25.0,2,yes,northeast,21779.86
26,male,24.5,0,no,southeast,3390.82
49,female,43.2,0,no,southeast,1473.35
23,female,25.9,4,no,southeast,21977.72
21,male,28.0,4,no,southeast,4845.74
30,female,26.9,1,no,southeast,3406.48
19,female,25.7,4,no,northeast,2732.35
21,male,19.5,0,no,northeast,2360.52
32,male,30.0,0,no,southwest,5239.71
34,male,36.4,1,no,southwest,8391.11
50,male,30.1,3,yes,southwest,38239.58
45,female,20.4,0,no,northeast,10864.68
34,female,33.2,0,no,northwest,10338.56
29,male,37.0,1,no,southwest,3906.31
18,female,21.4,0,no,southeast,1653.87
22,male,22.5,0,no,northwest,12243.82
20,male,25.8,0,no,southwest,3200.14
54,male,34.4,0,no,northwest,2925.39
53,female,24.3,2,no,southwest,4086.85
41,male,30.6,1,no,northwest,18931.25
61,male,35.3,2,no,southwest,9466.53
28,male,33.9,0,no,southwest,9636.94
39,female,17.4,0,no,northwest,5410.8
19,male,35.9,0,no,southwest,11407.94
42,female,23.6,1,no,southwest,6294.64
64,female,30.2,4,no,northeast,9691.27
62,male,44.1,0,no,southeast,5071.49
63,female,37.8,0,no,southwest,28461.82
54,male,21.4,0,yes,northeast,34611.01
57,female,33.0,0,no,southeast,5332.88
18,female,30.4,1,no,northeast,8590.72
37,female,27.5,0,no,northwest,3493.87
39,female,27.3,0,no,southwest,5284.28
32,female,28.0,3,no,northwest,7277.25
53,male,27.9,2,no,northeast,11097.35
30,male,22.4,3,no,northeast,6266.78
52,female,39.1,0,no,northwest,14243.17
23,female,23.4,1,no,northeast,7605.43
18,female,33.3,3,no,northeast,34760.44
63,female,39.9,2,no,northwest,21155.6
54,male,33.6,2,no,northwest,24078.35
38,male,26.8,2,yes,southwest,43597.76
48,male,25.6,1,no,southeast,8630.68
18,female,28.9,2,no,southeast,7110.7
46,male,20.8,0,no,northeast,4309.67
60,female,40.9,0,yes,southeast,13648.68
52,female,28.8,0,no,southeast,1599.01
63,female,42.2,2,no,northeast,14447.31
47,male,33.9,1,no,northwest,2958.83
43,female,35.6,1,no,southeast,9858.81
46,male,26.7,1,yes,northeast,51223.31
44,female,30.4,4,no,northwest,5375.2
27,male,19.8,0,no,northeast,11921.15
28,female,25.1,1,no,southwest,4358.24
39,female,28.9,4,no,southwest,6207.2
25,female,31.4,0,yes,southwest,34710.93
29,female,47.4,2,no,northwest,5267.58
57,male,19.8,1,no,northwest,2295.49
18,male,37.2,1,no,northwest,4694.21
23,female,24.7,0,no,northeast,4303.69
46,female,17.4,1,no,northwest,10725.84
42,male,26.2,1,no,southeast,4609.07
29,female,22.4,0,yes,southeast,47064.67
35,female,22.3,3,no,northeast,6907.7
34,female,22.6,3,no,northwest,2035.66
51,female,35.6,0,yes,northwest,45033.97
18,female,33.4,1,no,northeast,7312.6
26,female,36.8,1,no,southeast,2630.91
64,female,34.1,2,no,northwest,7947.98
50,female,31.6,1,no,northwest,13757.01
29,male,39.0,2,no,southwest,6643.07
19,female,42.1,0,no,northwest,26299.16
60,male,35.7,0,no,northwest,8046.44
29,female,36.4,0,no,northwest,26820.14
54,female,33.4,1,no,northeast,9750.75
23,male,37.5,0,yes,northwest,20576.17
26,male,32.9,2,no,southwest,5122.39
50,male,37.9,0,no,northwest,11237.64
56,female,24.8,0,no,northwest,2390.89
34,female,34.4,0,no,southeast,8418.25
29,female,22.4,1,no,northwest,5399.51
40,male,24.1,1,no,southwest,6021.64
31,male,30.8,0,no,southeast,13924.34
31,male,27.2,1,no,northwest,6751.9
62,male,25.2,0,no,southwest,25033.84
48,male,25.6,5,no,southwest,28729.4
40,female,28.3,0,yes,southwest,24009.18
23,male,40.2,0,yes,northeast,26948.8
49,female,29.0,4,no,northwest,5607.82
36,male,45.5,0,no,northeast,20366.15
21,female,37.6,0,yes,northeast,16351.36
43,female,32.9,3,no,southwest,8925.62
45,male,34.1,2,yes,southeast,44703.38
40,female,25.3,5,no,northwest,5470.07
43,male,28.8,1,yes,northwest,46207.38
61,male,26.5,3,yes,southeast,40948.24
64,male,33.4,1,no,northwest,6800.45
21,female,36.0,0,no,southeast,13813.89
26,male,22.3,2,yes,southwest,20589.67
23,male,22.9,0,no,northeast,1839.24
25,male,17.4,0,yes,southeast,44144.61
35,female,17.5,2,no,southwest,6624.16
38,male,22.7,1,no,southeast,4011.22
39,female,29.0,4,no,southeast,4118.04
60,male,27.2,0,no,northeast,4644.75
18,female,30.1,0,no,northwest,2109.13
43,female,21.8,3,yes,northwest,29105.06
50,female,37.4,0,no,southeast,31764.25
22,male,34.8,0,no,southwest,1679.93
56,male,31.3,0,no,northeast,6179.95
60,male,40.7,2,yes,northeast,39160.39
19,male,26.0,0,no,northwest,11329.06
27,male,47.6,0,no,southeast,8612.33
54,male,38.6,1,no,northwest,38787.65
18,female,38.2,0,no,southwest,13170.36
50,female,23.6,1,no,northeast,3888.38
54,male,29.5,3,no,southwest,6457.81
30,male,38.9,2,no,northeast,6517.63
41,male,32.7,3,no,northwest,4524.74
26,male,25.5,0,no,southeast,14665.89
36,male,37.0,0,no,southeast,4584.0
53,female,23.8,2,no,southwest,25240.78
41,female,40.5,0,no,northwest,13749.31
30,male,47.3,0,yes,southeast,16706.21
55,female,22.1,3,no,southwest,4052.68
30,female,29.9,2,no,northwest,6576.46
56,male,35.3,0,no,southeast,5023.42
19,male,30.7,0,yes,southeast,36478.19
19,male,24.6,0,no,southeast,5981.21
42,male,43.3,1,no,southeast,5820.46
38,male,31.4,0,yes,southeast,5542.99
44,female,32.5,1,no,northwest,8767.44
42,male,17.8,1,no,northwest,7152.24
25,female,38.2,1,no,northeast,10614.79
34,female,27.8,0,no,northwest,11006.14
29,female,34.4,0,no,southwest,6530.98
34,female,28.7,1,no,northwest,3033.06
54,female,41.4,0,no,northeast,32780.73
22,female,17.4,2,yes,southeast,7241.48
34,male,20.1,0,no,northwest,1237.49
64,female,38.9,1,no,northeast,7020.29
64,male,30.6,1,yes,southeast,39926.82
22,male,39.8,3,no,southwest,2317.08
33,male,33.7,2,yes,southeast,45910.95
48,female,17.4,2,yes,northeast,41527.34
47,male,25.0,3,no,northwest,13866.67
54,male,33.3,2,no,northwest,12397.4
57,female,47.2,1,no,southwest,7166.39
58,female,31.1,1,no,southeast,12999.44
38,female,22.9,1,no,northeast,6331.56
33,male,27.1,0,no,northwest,5073.08
54,female,25.8,1,no,southeast,7405.5
39,male,26.8,0,yes,northeast,3414.55
48,female,35.5,2,no,northwest,26744.48
24,female,42.4,5,no,southwest,20908.26
41,male,24.8,5,no,southwest,5791.63
58,male,27.6,1,no,northwest,24062.21
58,male,32.9,1,no,northwest,11959.78
31,male,46.5,2,no,southeast,38343.87
51,female,33.5,2,no,northwest,5073.54
21,male,25.9,0,no,northeast,12965.21
34,female,28.0,3,no,northwest,8536.6
38,female,28.0,0,no,northwest,5887.96
19,male,35.7,0,no,southwest,11856.84
46,female,28.8,0,no,northeast,25810.49
51,female,37.7,2,yes,southeast,16786.9
53,female,37.6,1,no,northeast,4215.04
